customer_id,first_name,last_name,email,phone,phone 2,address
1,Paula,Pereira,paula.pereira001@exemplo.com,11900000001,11800000001,Rua A 107
2,Samuel,Lima,samuel.lima002@exemplo.com,21900000002,21800000002,Rodovia B 114
3,Camila,Costa,camila.costa003@exemplo.com,31900000003,31800000003,Av C 121
4,Rodrigo,Mendes,rodrigo.mendes004@exemplo.com,41900000004,41800000004,Av D 128
5,Caio,Martins,caio.martins005@exemplo.com,51900000005,51800000005,Rua E 135
6,Maria,Oliveira,maria.oliveira006@exemplo.com,61900000006,61800000006,Rodovia F 142
7,Camila,Barbosa,camila.barbosa007@exemplo.com,71900000007,71800000007,Rua G 149
8,Alexandre,Almeida,alexandre.almeida008@exemplo.com,81900000008,81800000008,Estrada H 156
9,Camila,Araújo,camila.araujo009@exemplo.com,85900000009,85800000009,Travessa I 163
10,João,Vieira,joao.vieira010@exemplo.com,91900000010,91800000010,Praça J 170
11,Jéssica,Martins,jessica.martins011@exemplo.com,11900000011,11800000011,Alameda K 177
12,Thiago,Costa,thiago.costa012@exemplo.com,21900000012,21800000012,Rodovia L 184
13,Cíntia,Gomes,cintia.gomes013@exemplo.com,31900000013,31800000013,Av M 191
14,Lucas,Carvalho,lucas.carvalho014@exemplo.com,41900000014,41800000014,Av N 198
15,Aline,Moura,aline.moura015@exemplo.com,51900000015,51800000015,Alameda O 205
16,Gabriela,Lima,gabriela.lima016@exemplo.com,61900000016,61800000016,Rua P 212
17,Débora,Araújo,debora.araujo017@exemplo.com,71900000017,71800000017,Av Q 219
18,Letícia,Oliveira,leticia.oliveira018@exemplo.com,81900000018,81800000018,Travessa R 226
19,Paula,Correia,paula.correia019@exemplo.com,85900000019,85800000019,Alameda S 233
20,Bianca,Almeida,bianca.almeida020@exemplo.com,91900000020,91800000020,Av T 240
21,Carlos,Moreira,carlos.moreira021@exemplo.com,11900000021,11800000021,Rodovia U 247
22,Igor,Ferreira,igor.ferreira022@exemplo.com,21900000022,21800000022,Av V 254
23,Camila,Moura,camila.moura023@exemplo.com,31900000023,31800000023,Av W 261
24,Letícia,Lima,leticia.lima024@exemplo.com,41900000024,41800000024,Largo X 268
25,Paula,Pinto,paula.pinto025@exemplo.com,51900000025,51800000025,Alameda Y 275
26,Fernanda,Ribeiro,fernanda.ribeiro026@exemplo.com,61900000026,61800000026,Alameda Z 282
27,Felipe,Moreira,felipe.moreira027@exemplo.com,71900000027,71800000027,Travessa A 289
28,Jéssica,Monteiro,jessica.monteiro028@exemplo.com,81900000028,81800000028,Av B 296
29,Gabriela,Dias,gabriela.dias029@exemplo.com,85900000029,85800000029,Praça C 303
30,Carolina,Mendes,carolina.mendes030@exemplo.com,91900000030,91800000030,Rodovia D 310
31,Fernanda,Araújo,fernanda.araujo031@exemplo.com,11900000031,11800000031,Estrada E 317
32,Thiago,Monteiro,thiago.monteiro032@exemplo.com,21900000032,21800000032,Rodovia F 324
33,Rodrigo,Gomes,rodrigo.gomes033@exemplo.com,31900000033,31800000033,Rua G 331
34,Camila,Pinto,camila.pinto034@exemplo.com,41900000034,41800000034,Rua H 338
35,Renata,Carvalho,renata.carvalho035@exemplo.com,51900000035,51800000035,Travessa I 345
36,Pedro,Almeida,pedro.almeida036@exemplo.com,61900000036,61800000036,Alameda J 352
37,Felipe,Dias,felipe.dias037@exemplo.com,71900000037,71800000037,Largo K 359
38,Ricardo,Cavalcanti,ricardo.cavalcanti038@exemplo.com,81900000038,81800000038,Largo L 366
39,Bruno,Lima,bruno.lima039@exemplo.com,85900000039,85800000039,Praça M 373
40,Diego,Mendes,diego.mendes040@exemplo.com,91900000040,91800000040,Travessa N 380
41,Samuel,Teixeira,samuel.teixeira041@exemplo.com,11900000041,11800000041,Estrada O 387
42,Caio,Carvalho,caio.carvalho042@exemplo.com,21900000042,21800000042,Alameda P 394
43,Camila,Costa,camila.costa043@exemplo.com,31900000043,31800000043,Largo Q 401
44,Lucas,Vieira,lucas.vieira044@exemplo.com,41900000044,41800000044,Rua R 408
45,Rafael,Costa,rafael.costa045@exemplo.com,51900000045,51800000045,Praça S 415
46,Clara,Moreira,clara.moreira046@exemplo.com,61900000046,61800000046,Estrada T 422
47,Gabriela,Oliveira,gabriela.oliveira047@exemplo.com,71900000047,71800000047,Estrada U 429
48,Letícia,Correia,leticia.correia048@exemplo.com,81900000048,81800000048,Largo V 436
49,Henrique,Lima,henrique.lima049@exemplo.com,85900000049,85800000049,Rua W 443
50,Rodrigo,Mendes,rodrigo.mendes050@exemplo.com,91900000050,91800000050,Av X 450
51,Rodrigo,Cavalcanti,rodrigo.cavalcanti051@exemplo.com,11900000051,11800000051,Travessa Y 457
52,Igor,Dias,igor.dias052@exemplo.com,21900000052,21800000052,Alameda Z 464
53,Rafael,Ferreira,rafael.ferreira053@exemplo.com,31900000053,31800000053,Estrada A 471
54,Fernanda,Araújo,fernanda.araujo054@exemplo.com,41900000054,41800000054,Rua B 478
55,Débora,Cavalcanti,debora.cavalcanti055@exemplo.com,51900000055,51800000055,Travessa C 485
56,Priscila,Vieira,priscila.vieira056@exemplo.com,61900000056,61800000056,Praça D 492
57,Priscila,Monteiro,priscila.monteiro057@exemplo.com,71900000057,71800000057,Av E 499
58,Paula,Ferreira,paula.ferreira058@exemplo.com,81900000058,81800000058,Rodovia F 506
59,Bruno,Ribeiro,bruno.ribeiro059@exemplo.com,85900000059,85800000059,Praça G 513
60,Carolina,Vieira,carolina.vieira060@exemplo.com,91900000060,91800000060,Rua H 520
61,Gabriela,Gomes,gabriela.gomes061@exemplo.com,11900000061,11800000061,Largo I 527
62,Maria,Pereira,maria.pereira062@exemplo.com,21900000062,21800000062,Alameda J 534
63,Eduardo,Souza,eduardo.souza063@exemplo.com,31900000063,31800000063,Rua K 541
64,Diego,Cavalcanti,diego.cavalcanti064@exemplo.com,41900000064,41800000064,Av L 548
65,Lucas,Mendes,lucas.mendes065@exemplo.com,51900000065,51800000065,Largo M 555
66,Pedro,Vieira,pedro.vieira066@exemplo.com,61900000066,61800000066,Praça N 562
67,Juliana,Moreira,juliana.moreira067@exemplo.com,71900000067,71800000067,Largo O 569
68,Alexandre,Rodrigues,alexandre.rodrigues068@exemplo.com,81900000068,81800000068,Travessa P 576
69,Henrique,Moura,henrique.moura069@exemplo.com,85900000069,85800000069,Estrada Q 583
70,Felipe,Monteiro,felipe.monteiro070@exemplo.com,91900000070,91800000070,Rodovia R 590
71,Otávio,Ferreira,otavio.ferreira071@exemplo.com,11900000071,11800000071,Estrada S 597
72,Amanda,Dias,amanda.dias072@exemplo.com,21900000072,21800000072,Alameda T 604
73,Natália,Cavalcanti,natalia.cavalcanti073@exemplo.com,31900000073,31800000073,Largo U 611
74,Rafael,Souza,rafael.souza074@exemplo.com,41900000074,41800000074,Rodovia V 618
75,Pedro,Gomes,pedro.gomes075@exemplo.com,51900000075,51800000075,Rua W 625
76,Caio,Cardoso,caio.cardoso076@exemplo.com,61900000076,61800000076,Rodovia X 632
77,Caio,Souza,caio.souza077@exemplo.com,71900000077,71800000077,Rua Y 639
78,Pedro,Nunes,pedro.nunes078@exemplo.com,81900000078,81800000078,Rua Z 646
79,Camila,Oliveira,camila.oliveira079@exemplo.com,85900000079,85800000079,Rua A 653
80,Vinícius,Oliveira,vinicius.oliveira080@exemplo.com,91900000080,91800000080,Rodovia B 660
81,Thiago,Moreira,thiago.moreira081@exemplo.com,11900000081,11800000081,Largo C 667
82,Felipe,Cardoso,felipe.cardoso082@exemplo.com,21900000082,21800000082,Praça D 674
83,Débora,Monteiro,debora.monteiro083@exemplo.com,31900000083,31800000083,Largo E 681
84,Diego,Freitas,diego.freitas084@exemplo.com,41900000084,41800000084,Largo F 688
85,Sabrina,Almeida,sabrina.almeida085@exemplo.com,51900000085,51800000085,Av G 695
86,Mariana,Moreira,mariana.moreira086@exemplo.com,61900000086,61800000086,Estrada H 702
87,Aline,Martins,aline.martins087@exemplo.com,71900000087,71800000087,Estrada I 709
88,Fábio,Moura,fabio.moura088@exemplo.com,81900000088,81800000088,Rua J 716
89,Rodrigo,Dias,rodrigo.dias089@exemplo.com,85900000089,85800000089,Av K 723
90,Ana,Carvalho,ana.carvalho090@exemplo.com,91900000090,91800000090,Alameda L 730
91,Mariana,Souza,mariana.souza091@exemplo.com,11900000091,11800000091,Rodovia M 737
92,Patrícia,Cardoso,patricia.cardoso092@exemplo.com,21900000092,21800000092,Largo N 744
93,Juliana,Martins,juliana.martins093@exemplo.com,31900000093,31800000093,Praça O 751
94,Thiago,Araújo,thiago.araujo094@exemplo.com,41900000094,41800000094,Rodovia P 758
95,Pedro,Araújo,pedro.araujo095@exemplo.com,51900000095,51800000095,Av Q 765
96,Ana,Dias,ana.dias096@exemplo.com,61900000096,61800000096,Rua R 772
97,Lucas,Monteiro,lucas.monteiro097@exemplo.com,71900000097,71800000097,Rodovia S 779
98,Fernanda,Martins,fernanda.martins098@exemplo.com,81900000098,81800000098,Largo T 786
99,Isabela,Almeida,isabela.almeida099@exemplo.com,85900000099,85800000099,Estrada U 793
100,Ana,Rodrigues,ana.rodrigues100@exemplo.com,91900000100,91800000100,Estrada V 800
101,João,Carvalho,joao.carvalho101@exemplo.com,11900000101,11800000101,Travessa W 807
102,Clara,Freitas,clara.freitas102@exemplo.com,21900000102,21800000102,Largo X 814
103,Beatriz,Martins,beatriz.martins103@exemplo.com,31900000103,31800000103,Largo Y 821
104,Bruno,Almeida,bruno.almeida104@exemplo.com,41900000104,41800000104,Travessa Z 828
105,Felipe,Santos,felipe.santos105@exemplo.com,51900000105,51800000105,Rua A 835
106,Samuel,Gomes,samuel.gomes106@exemplo.com,61900000106,61800000106,Rua B 842
107,Ana,Teixeira,ana.teixeira107@exemplo.com,71900000107,71800000107,Largo C 849
108,Priscila,Monteiro,priscila.monteiro108@exemplo.com,81900000108,81800000108,Praça D 856
109,Ana,Barbosa,ana.barbosa109@exemplo.com,85900000109,85800000109,Av E 863
110,Gustavo,Oliveira,gustavo.oliveira110@exemplo.com,91900000110,91800000110,Av F 870
111,Rodrigo,Moura,rodrigo.moura111@exemplo.com,11900000111,11800000111,Rodovia G 877
112,Ricardo,Pereira,ricardo.pereira112@exemplo.com,21900000112,21800000112,Rodovia H 884
113,Caio,Correia,caio.correia113@exemplo.com,31900000113,31800000113,Rua I 891
114,Leonardo,Oliveira,leonardo.oliveira114@exemplo.com,41900000114,41800000114,Estrada J 898
115,Amanda,Teixeira,amanda.teixeira115@exemplo.com,51900000115,51800000115,Alameda K 905
116,Larissa,Almeida,larissa.almeida116@exemplo.com,61900000116,61800000116,Alameda L 912
117,Diego,Lima,diego.lima117@exemplo.com,71900000117,71800000117,Estrada M 919
118,Juliana,Moreira,juliana.moreira118@exemplo.com,81900000118,81800000118,Travessa N 926
119,Fábio,Gomes,fabio.gomes119@exemplo.com,85900000119,85800000119,Av O 933
120,João,Araújo,joao.araujo120@exemplo.com,91900000120,91800000120,Av P 940
121,Pedro,Cardoso,pedro.cardoso121@exemplo.com,11900000121,11800000121,Rodovia Q 947
122,Priscila,Lima,priscila.lima122@exemplo.com,21900000122,21800000122,Praça R 954
123,Aline,Cavalcanti,aline.cavalcanti123@exemplo.com,31900000123,31800000123,Av S 961
124,Diego,Ribeiro,diego.ribeiro124@exemplo.com,41900000124,41800000124,Travessa T 968
125,Fernanda,Araújo,fernanda.araujo125@exemplo.com,51900000125,51800000125,Travessa U 975
126,Leonardo,Freitas,leonardo.freitas126@exemplo.com,61900000126,61800000126,Rua V 982
127,Amanda,Pinto,amanda.pinto127@exemplo.com,71900000127,71800000127,Travessa W 989
128,Amanda,Pereira,amanda.pereira128@exemplo.com,81900000128,81800000128,Praça X 996
129,Larissa,Pereira,larissa.pereira129@exemplo.com,85900000129,85800000129,Av Y 103
130,Samuel,Cardoso,samuel.cardoso130@exemplo.com,91900000130,91800000130,Praça Z 110
131,Thiago,Ferreira,thiago.ferreira131@exemplo.com,11900000131,11800000131,Rodovia A 117
132,Otávio,Gomes,otavio.gomes132@exemplo.com,21900000132,21800000132,Rodovia B 124
133,Rodrigo,Dias,rodrigo.dias133@exemplo.com,31900000133,31800000133,Travessa C 131
134,Priscila,Melo,priscila.melo134@exemplo.com,41900000134,41800000134,Travessa D 138
135,Ana,Oliveira,ana.oliveira135@exemplo.com,51900000135,51800000135,Estrada E 145
136,Thiago,Santos,thiago.santos136@exemplo.com,61900000136,61800000136,Rua F 152
137,Vinícius,Vieira,vinicius.vieira137@exemplo.com,71900000137,71800000137,Praça G 159
138,Paula,Lima,paula.lima138@exemplo.com,81900000138,81800000138,Praça H 166
139,Samuel,Araújo,samuel.araujo139@exemplo.com,85900000139,85800000139,Estrada I 173
140,Alexandre,Silva,alexandre.silva140@exemplo.com,91900000140,91800000140,Av J 180
141,Pedro,Cavalcanti,pedro.cavalcanti141@exemplo.com,11900000141,11800000141,Praça K 187
142,Carolina,Santos,carolina.santos142@exemplo.com,21900000142,21800000142,Alameda L 194
143,Caio,Cardoso,caio.cardoso143@exemplo.com,31900000143,31800000143,Praça M 201
144,Matheus,Costa,matheus.costa144@exemplo.com,41900000144,41800000144,Rua N 208
145,Eduardo,Ribeiro,eduardo.ribeiro145@exemplo.com,51900000145,51800000145,Rua O 215
146,Aline,Almeida,aline.almeida146@exemplo.com,61900000146,61800000146,Rodovia P 222
147,Amanda,Pereira,amanda.pereira147@exemplo.com,71900000147,71800000147,Alameda Q 229
148,Igor,Cardoso,igor.cardoso148@exemplo.com,81900000148,81800000148,Estrada R 236
149,Leonardo,Mendes,leonardo.mendes149@exemplo.com,85900000149,85800000149,Praça S 243
150,Diego,Moura,diego.moura150@exemplo.com,91900000150,91800000150,Praça T 250
151,Gustavo,Cavalcanti,gustavo.cavalcanti151@exemplo.com,11900000151,11800000151,Estrada U 257
152,Maria,Rodrigues,maria.rodrigues152@exemplo.com,21900000152,21800000152,Alameda V 264
153,Clara,Monteiro,clara.monteiro153@exemplo.com,31900000153,31800000153,Estrada W 271
154,Amanda,Moura,amanda.moura154@exemplo.com,41900000154,41800000154,Rodovia X 278
155,Thiago,Rodrigues,thiago.rodrigues155@exemplo.com,51900000155,51800000155,Av Y 285
156,Letícia,Moura,leticia.moura156@exemplo.com,61900000156,61800000156,Rua Z 292
157,Isabela,Souza,isabela.souza157@exemplo.com,71900000157,71800000157,Rodovia A 299
158,Fábio,Ribeiro,fabio.ribeiro158@exemplo.com,81900000158,81800000158,Travessa B 306
159,Clara,Moura,clara.moura159@exemplo.com,85900000159,85800000159,Rodovia C 313
160,Camila,Silva,camila.silva160@exemplo.com,91900000160,91800000160,Rodovia D 320
161,Ricardo,Gomes,ricardo.gomes161@exemplo.com,11900000161,11800000161,Travessa E 327
162,Pedro,Vieira,pedro.vieira162@exemplo.com,21900000162,21800000162,Travessa F 334
163,Aline,Dias,aline.dias163@exemplo.com,31900000163,31800000163,Estrada G 341
164,Rodrigo,Pinto,rodrigo.pinto164@exemplo.com,41900000164,41800000164,Alameda H 348
165,Maria,Pereira,maria.pereira165@exemplo.com,51900000165,51800000165,Travessa I 355
166,Gustavo,Teixeira,gustavo.teixeira166@exemplo.com,61900000166,61800000166,Travessa J 362
167,Carlos,Pereira,carlos.pereira167@exemplo.com,71900000167,71800000167,Estrada K 369
168,Aline,Mendes,aline.mendes168@exemplo.com,81900000168,81800000168,Alameda L 376
169,Matheus,Correia,matheus.correia169@exemplo.com,85900000169,85800000169,Av M 383
170,Letícia,Cavalcanti,leticia.cavalcanti170@exemplo.com,91900000170,91800000170,Rodovia N 390
171,Larissa,Santos,larissa.santos171@exemplo.com,11900000171,11800000171,Estrada O 397
172,João,Barbosa,joao.barbosa172@exemplo.com,21900000172,21800000172,Rodovia P 404
173,André,Martins,andre.martins173@exemplo.com,31900000173,31800000173,Av Q 411
174,Amanda,Monteiro,amanda.monteiro174@exemplo.com,41900000174,41800000174,Alameda R 418
175,Leonardo,Gomes,leonardo.gomes175@exemplo.com,51900000175,51800000175,Av S 425
176,Débora,Cavalcanti,debora.cavalcanti176@exemplo.com,61900000176,61800000176,Travessa T 432
177,Priscila,Ferreira,priscila.ferreira177@exemplo.com,71900000177,71800000177,Estrada U 439
178,Renata,Carvalho,renata.carvalho178@exemplo.com,81900000178,81800000178,Travessa V 446
179,Alexandre,Costa,alexandre.costa179@exemplo.com,85900000179,85800000179,Rodovia W 453
180,Sabrina,Moreira,sabrina.moreira180@exemplo.com,91900000180,91800000180,Estrada X 460
181,Rodrigo,Mendes,rodrigo.mendes181@exemplo.com,11900000181,11800000181,Praça Y 467
182,Leonardo,Teixeira,leonardo.teixeira182@exemplo.com,21900000182,21800000182,Travessa Z 474
183,Ricardo,Cardoso,ricardo.cardoso183@exemplo.com,31900000183,31800000183,Rua A 481
184,Eduardo,Ferreira,eduardo.ferreira184@exemplo.com,41900000184,41800000184,Rodovia B 488
185,Matheus,Freitas,matheus.freitas185@exemplo.com,51900000185,51800000185,Alameda C 495
186,Fábio,Araújo,fabio.araujo186@exemplo.com,61900000186,61800000186,Largo D 502
187,Rodrigo,Almeida,rodrigo.almeida187@exemplo.com,71900000187,71800000187,Largo E 509
188,Clara,Cavalcanti,clara.cavalcanti188@exemplo.com,81900000188,81800000188,Praça F 516
189,Amanda,Oliveira,amanda.oliveira189@exemplo.com,85900000189,85800000189,Travessa G 523
190,Priscila,Moreira,priscila.moreira190@exemplo.com,91900000190,91800000190,Alameda H 530
191,Lucas,Pinto,lucas.pinto191@exemplo.com,11900000191,11800000191,Rodovia I 537
192,Rodrigo,Ferreira,rodrigo.ferreira192@exemplo.com,21900000192,21800000192,Rodovia J 544
193,Patrícia,Costa,patricia.costa193@exemplo.com,31900000193,31800000193,Rua K 551
194,Carlos,Souza,carlos.souza194@exemplo.com,41900000194,41800000194,Largo L 558
195,Leonardo,Moura,leonardo.moura195@exemplo.com,51900000195,51800000195,Av M 565
196,Fábio,Martins,fabio.martins196@exemplo.com,61900000196,61800000196,Rodovia N 572
197,Otávio,Nunes,otavio.nunes197@exemplo.com,71900000197,71800000197,Estrada O 579
198,Daniel,Carvalho,daniel.carvalho198@exemplo.com,81900000198,81800000198,Rodovia P 586
199,Bruno,Dias,bruno.dias199@exemplo.com,85900000199,85800000199,Rua Q 593
200,Cíntia,Moura,cintia.moura200@exemplo.com,91900000200,91800000200,Av R 600
201,Igor,Martins,igor.martins201@exemplo.com,11900000201,11800000201,Rodovia S 607
202,Gustavo,Freitas,gustavo.freitas202@exemplo.com,21900000202,21800000202,Largo T 614
203,Ana,Cardoso,ana.cardoso203@exemplo.com,31900000203,31800000203,Rodovia U 621
204,Rafael,Araújo,rafael.araujo204@exemplo.com,41900000204,41800000204,Praça V 628
205,Fábio,Moreira,fabio.moreira205@exemplo.com,51900000205,51800000205,Alameda W 635
206,Cíntia,Cavalcanti,cintia.cavalcanti206@exemplo.com,61900000206,61800000206,Largo X 642
207,Leonardo,Pinto,leonardo.pinto207@exemplo.com,71900000207,71800000207,Estrada Y 649
208,Alexandre,Araújo,alexandre.araujo208@exemplo.com,81900000208,81800000208,Praça Z 656
209,Samuel,Moura,samuel.moura209@exemplo.com,85900000209,85800000209,Largo A 663
210,Natália,Lima,natalia.lima210@exemplo.com,91900000210,91800000210,Rodovia B 670
211,Paula,Lima,paula.lima211@exemplo.com,11900000211,11800000211,Largo C 677
212,Paula,Souza,paula.souza212@exemplo.com,21900000212,21800000212,Travessa D 684
213,Natália,Oliveira,natalia.oliveira213@exemplo.com,31900000213,31800000213,Travessa E 691
214,Diego,Lima,diego.lima214@exemplo.com,41900000214,41800000214,Alameda F 698
215,Renata,Cavalcanti,renata.cavalcanti215@exemplo.com,51900000215,51800000215,Av G 705
216,Juliana,Costa,juliana.costa216@exemplo.com,61900000216,61800000216,Rodovia H 712
217,Letícia,Nunes,leticia.nunes217@exemplo.com,71900000217,71800000217,Praça I 719
218,Otávio,Almeida,otavio.almeida218@exemplo.com,81900000218,81800000218,Av J 726
219,Sabrina,Martins,sabrina.martins219@exemplo.com,85900000219,85800000219,Alameda K 733
220,Carolina,Araújo,carolina.araujo220@exemplo.com,91900000220,91800000220,Estrada L 740
221,Ana,Almeida,ana.almeida221@exemplo.com,11900000221,11800000221,Estrada M 747
222,Letícia,Cavalcanti,leticia.cavalcanti222@exemplo.com,21900000222,21800000222,Rua N 754
223,Cíntia,Teixeira,cintia.teixeira223@exemplo.com,31900000223,31800000223,Estrada O 761
224,Isabela,Silva,isabela.silva224@exemplo.com,41900000224,41800000224,Alameda P 768
225,Eduardo,Vieira,eduardo.vieira225@exemplo.com,51900000225,51800000225,Estrada Q 775
226,Sabrina,Cardoso,sabrina.cardoso226@exemplo.com,61900000226,61800000226,Rodovia R 782
227,Daniel,Souza,daniel.souza227@exemplo.com,71900000227,71800000227,Travessa S 789
228,Matheus,Melo,matheus.melo228@exemplo.com,81900000228,81800000228,Rua T 796
229,Letícia,Gomes,leticia.gomes229@exemplo.com,85900000229,85800000229,Estrada U 803
230,Débora,Rodrigues,debora.rodrigues230@exemplo.com,91900000230,91800000230,Largo V 810
231,Juliana,Correia,juliana.correia231@exemplo.com,11900000231,11800000231,Rua W 817
232,Ricardo,Teixeira,ricardo.teixeira232@exemplo.com,21900000232,21800000232,Rua X 824
233,Lucas,Dias,lucas.dias233@exemplo.com,31900000233,31800000233,Estrada Y 831
234,Juliana,Moura,juliana.moura234@exemplo.com,41900000234,41800000234,Largo Z 838
235,Gustavo,Santos,gustavo.santos235@exemplo.com,51900000235,51800000235,Travessa A 845
236,Letícia,Gomes,leticia.gomes236@exemplo.com,61900000236,61800000236,Rodovia B 852
237,Fábio,Gomes,fabio.gomes237@exemplo.com,71900000237,71800000237,Alameda C 859
238,Cíntia,Cavalcanti,cintia.cavalcanti238@exemplo.com,81900000238,81800000238,Estrada D 866
239,Thiago,Vieira,thiago.vieira239@exemplo.com,85900000239,85800000239,Estrada E 873
240,Larissa,Pinto,larissa.pinto240@exemplo.com,91900000240,91800000240,Av F 880
241,Isabela,Silva,isabela.silva241@exemplo.com,11900000241,11800000241,Rua G 887
242,Aline,Souza,aline.souza242@exemplo.com,21900000242,21800000242,Av H 894
243,Igor,Dias,igor.dias243@exemplo.com,31900000243,31800000243,Rua I 901
244,Cíntia,Silva,cintia.silva244@exemplo.com,41900000244,41800000244,Rodovia J 908
245,Patrícia,Pinto,patricia.pinto245@exemplo.com,51900000245,51800000245,Rua K 915
246,Leonardo,Costa,leonardo.costa246@exemplo.com,61900000246,61800000246,Rodovia L 922
247,Juliana,Melo,juliana.melo247@exemplo.com,71900000247,71800000247,Av M 929
248,Bianca,Almeida,bianca.almeida248@exemplo.com,81900000248,81800000248,Largo N 936
249,Jéssica,Lima,jessica.lima249@exemplo.com,85900000249,85800000249,Alameda O 943
250,Fernanda,Correia,fernanda.correia250@exemplo.com,91900000250,91800000250,Av P 950
251,Igor,Pinto,igor.pinto251@exemplo.com,11900000251,11800000251,Praça Q 957
252,Eduardo,Pereira,eduardo.pereira252@exemplo.com,21900000252,21800000252,Rua R 964
253,Eduardo,Teixeira,eduardo.teixeira253@exemplo.com,31900000253,31800000253,Estrada S 971
254,Ricardo,Nunes,ricardo.nunes254@exemplo.com,41900000254,41800000254,Rodovia T 978
255,Pedro,Teixeira,pedro.teixeira255@exemplo.com,51900000255,51800000255,Rodovia U 985
256,Mariana,Nunes,mariana.nunes256@exemplo.com,61900000256,61800000256,Travessa V 992
257,Rodrigo,Correia,rodrigo.correia257@exemplo.com,71900000257,71800000257,Av W 999
258,Clara,Teixeira,clara.teixeira258@exemplo.com,81900000258,81800000258,Rua X 106
259,Aline,Cardoso,aline.cardoso259@exemplo.com,85900000259,85800000259,Estrada Y 113
260,Amanda,Ribeiro,amanda.ribeiro260@exemplo.com,91900000260,91800000260,Av Z 120
261,Priscila,Dias,priscila.dias261@exemplo.com,11900000261,11800000261,Alameda A 127
262,João,Moura,joao.moura262@exemplo.com,21900000262,21800000262,Estrada B 134
263,Daniel,Pereira,daniel.pereira263@exemplo.com,31900000263,31800000263,Estrada C 141
264,André,Dias,andre.dias264@exemplo.com,41900000264,41800000264,Largo D 148
265,Otávio,Costa,otavio.costa265@exemplo.com,51900000265,51800000265,Estrada E 155
266,Gustavo,Mendes,gustavo.mendes266@exemplo.com,61900000266,61800000266,Travessa F 162
267,Leonardo,Freitas,leonardo.freitas267@exemplo.com,71900000267,71800000267,Largo G 169
268,Fábio,Martins,fabio.martins268@exemplo.com,81900000268,81800000268,Travessa H 176
269,Renata,Moura,renata.moura269@exemplo.com,85900000269,85800000269,Rodovia I 183
270,Lucas,Lima,lucas.lima270@exemplo.com,91900000270,91800000270,Largo J 190
271,Diego,Vieira,diego.vieira271@exemplo.com,11900000271,11800000271,Largo K 197
272,Bianca,Correia,bianca.correia272@exemplo.com,21900000272,21800000272,Estrada L 204
273,Vinícius,Silva,vinicius.silva273@exemplo.com,31900000273,31800000273,Largo M 211
274,Renata,Rodrigues,renata.rodrigues274@exemplo.com,41900000274,41800000274,Largo N 218
275,Felipe,Ribeiro,felipe.ribeiro275@exemplo.com,51900000275,51800000275,Travessa O 225
276,Vinícius,Lima,vinicius.lima276@exemplo.com,61900000276,61800000276,Travessa P 232
277,Alexandre,Silva,alexandre.silva277@exemplo.com,71900000277,71800000277,Rodovia Q 239
278,Lucas,Souza,lucas.souza278@exemplo.com,81900000278,81800000278,Estrada R 246
279,Daniel,Cardoso,daniel.cardoso279@exemplo.com,85900000279,85800000279,Rodovia S 253
280,Jéssica,Melo,jessica.melo280@exemplo.com,91900000280,91800000280,Largo T 260
281,Natália,Freitas,natalia.freitas281@exemplo.com,11900000281,11800000281,Rua U 267
282,Lucas,Ferreira,lucas.ferreira282@exemplo.com,21900000282,21800000282,Rodovia V 274
283,Ricardo,Nunes,ricardo.nunes283@exemplo.com,31900000283,31800000283,Rodovia W 281
284,Eduardo,Moreira,eduardo.moreira284@exemplo.com,41900000284,41800000284,Alameda X 288
285,Isabela,Cardoso,isabela.cardoso285@exemplo.com,51900000285,51800000285,Alameda Y 295
286,Matheus,Mendes,matheus.mendes286@exemplo.com,61900000286,61800000286,Alameda Z 302
287,Aline,Nunes,aline.nunes287@exemplo.com,71900000287,71800000287,Largo A 309
288,Thiago,Ferreira,thiago.ferreira288@exemplo.com,81900000288,81800000288,Travessa B 316
289,Camila,Pereira,camila.pereira289@exemplo.com,85900000289,85800000289,Rodovia C 323
290,Renata,Pereira,renata.pereira290@exemplo.com,91900000290,91800000290,Praça D 330
291,Patrícia,Almeida,patricia.almeida291@exemplo.com,11900000291,11800000291,Largo E 337
292,Thiago,Mendes,thiago.mendes292@exemplo.com,21900000292,21800000292,Travessa F 344
293,Mariana,Pinto,mariana.pinto293@exemplo.com,31900000293,31800000293,Rodovia G 351
294,Beatriz,Souza,beatriz.souza294@exemplo.com,41900000294,41800000294,Alameda H 358
295,Gustavo,Ferreira,gustavo.ferreira295@exemplo.com,51900000295,51800000295,Rua I 365
296,Otávio,Cardoso,otavio.cardoso296@exemplo.com,61900000296,61800000296,Praça J 372
297,Thiago,Santos,thiago.santos297@exemplo.com,71900000297,71800000297,Rua K 379
298,Alexandre,Ferreira,alexandre.ferreira298@exemplo.com,81900000298,81800000298,Praça L 386
299,Paula,Moura,paula.moura299@exemplo.com,85900000299,85800000299,Largo M 393
300,Mariana,Moura,mariana.moura300@exemplo.com,91900000300,91800000300,Rua N 400
