1,Land of Toys Inc.,gladys.rim@rim.org,NA
2,Reims Collectables,yuki_whobrey@aol.com,EMEA
3,Lyon Souveniers,fletcher.flosi@yahoo.com,EMEA
4,Toys4GrownUps.com,bette_nicka@cox.net,NA
5,Corporate Gift Ideas Co.,vinouye@aol.com,NA
6,Technics Stores Inc.,gladys.rim@rim.org,NA
7,Daedalus Designs Imports,yuki_whobrey@aol.com,EMEA
8,Herkku Gifts,fletcher.flosi@yahoo.com,EMEA
9,Mini Wheels Co.,bette_nicka@cox.net,NA
10,Auto Canal Petit,vinouye@aol.com,EMEA
11,Australian Collectors Co.,gladys.rim@rim.org,APAC
12,Vitachrome Inc.,yuki_whobrey@aol.com,NA
13,Tekni Collectables Inc.,fletcher.flosi@yahoo.com,NA
14,Gift Depot Inc.,bette_nicka@cox.net,NA
15,La Rochelle Gifts,vinouye@aol.com,EMEA
16,Marta's Replicas Co.,gladys.rim@rim.org,NA
17,Toys of Finland Co.,yuki_whobrey@aol.com,EMEA
18,Baane Mini Imports,fletcher.flosi@yahoo.com,EMEA
19,Diecast Classics Inc.,bette_nicka@cox.net,NA
20,Land of Toys Inc.,vinouye@aol.com,NA
21,Salzburg Collectables,bette_nicka@cox.net,EMEA
22,Souveniers And Things Co.,vinouye@aol.com,APAC
23,La Rochelle Gifts,emerson.bowley@bowley.org,EMEA
24,FunGiftIdeas.com,bmalet@yahoo.com,NA
25,UK Collectables Ltd.,bbolognia@yahoo.com,EMEA
26,Euro Shopping Channel,lnestle@hotmail.com,EMEA
27,Baane Mini Imports,sabra@uyetake.org,EMEA
28,Volvo Model Replicas Co,mmastella@mastella.com,EMEA
29,Corrida Auto Replicas Ltd,wkusko@yahoo.com,EMEA
30,Technics Stores Inc.,emerson.bowley@bowley.org,NA
31,Dragon Souveniers Ltd.,bmalet@yahoo.com,Japan
32,Classic Legends Inc.,bbolognia@yahoo.com,NA
33,Australian Gift Network Co,lnestle@hotmail.com,APAC
34,Classic Gift Ideas Inc,sabra@uyetake.org,NA
35,Saveley & Henriot Co.,mmastella@mastella.com,EMEA
36,Canadian Gift Exchange Network,emerson.bowley@bowley.org,NA
37,West Coast Collectables Co.,bmalet@yahoo.com,NA
38,Cambridge Collectables Co.,bbolognia@yahoo.com,NA
39,Super Scale Inc.,lnestle@hotmail.com,NA
40,Tokyo Collectables Ltd,sabra@uyetake.org,Japan
41,Souveniers And Things Co.,mmastella@mastella.com,APAC
42,Amica Models & Co.,doldroyd@aol.com,EMEA
43,Scandinavian Gift Ideas,roxane@hotmail.com,EMEA
44,Auto Assoc. & Cie.,lperin@perin.org,EMEA
45,Mini Gifts Distributors Ltd.,erick.ferencz@aol.com,NA
46,Online Diecast Creations Co.,emerson.bowley@bowley.org,NA
47,Mini Wheels Co.,bmalet@yahoo.com,NA
48,Australian Collectors Co.,bbolognia@yahoo.com,APAC
49,Mini Gifts Distributors Ltd.,lnestle@hotmail.com,NA
50,Collectables For Less Inc.,sabra@uyetake.org,NA
51,Corporate Gift Ideas Co.,mmastella@mastella.com,NA
52,Anna's Decorations Ltd,lnestle@hotmail.com,APAC
53,Quebec Home Shopping Network,sabra@uyetake.org,NA
54,Euro Shopping Channel,mmastella@mastella.com,EMEA
55,Land of Toys Inc.,lnestle@hotmail.com,NA
56,Australian Collectors Co.,sabra@uyetake.org,APAC
57,Lyon Souveniers,mmastella@mastella.com,EMEA
58,Toys4GrownUps.com,lnestle@hotmail.com,NA
59,Corporate Gift Ideas Co.,sabra@uyetake.org,NA
60,Technics Stores Inc.,mmastella@mastella.com,NA
61,Daedalus Designs Imports,bpugh@aol.com,EMEA
62,Herkku Gifts,lnestle@hotmail.com,EMEA
63,Mini Wheels Co.,sabra@uyetake.org,NA
64,Osaka Souveniers Co.,mmastella@mastella.com,Japan
65,Australian Collectors Co.,lnestle@hotmail.com,APAC
66,Motor Mint Distributors Inc.,sabra@uyetake.org,NA
67,Tekni Collectables Inc.,mmastella@mastella.com,NA
68,Gift Depot Inc.,elly_morocco@gmail.com,NA
69,La Rochelle Gifts,lnestle@hotmail.com,EMEA
70,Marta's Replicas Co.,sabra@uyetake.org,NA
71,Atelier graphique,mmastella@mastella.com,EMEA
72,Mini Classics,lnestle@hotmail.com,NA
73,Diecast Classics Inc.,sabra@uyetake.org,NA
74,Land of Toys Inc.,mmastella@mastella.com,NA
75,Tokyo Collectables Ltd,tamar@hotmail.com,Japan
76,Souveniers And Things Co.,lnestle@hotmail.com,APAC
77,Australian Gift Network Co,sabra@uyetake.org,APAC
78,FunGiftIdeas.com,mmastella@mastella.com,NA
79,Auto Canal Petit,lnestle@hotmail.com,EMEA
80,Euro Shopping Channel,sabra@uyetake.org,EMEA
81,Land of Toys Inc.,mmastella@mastella.com,NA
82,Australian Collectors Co.,timothy_mulqueen@mulqueen.org,APAC
83,Lyon Souveniers,ahoneywell@honeywell.com,EMEA
84,Toys4GrownUps.com,dominque.dickerson@dickerson.org,NA
85,Corporate Gift Ideas Co.,lnestle@hotmail.com,NA
86,Technics Stores Inc.,sabra@uyetake.org,NA
87,Daedalus Designs Imports,mmastella@mastella.com,EMEA
88,Herkku Gifts,lnestle@hotmail.com,EMEA
89,Mini Wheels Co.,sabra@uyetake.org,NA
90,Osaka Souveniers Co.,mmastella@mastella.com,Japan
91,Australian Collectors Co.,twardrip@cox.net,APAC
92,Vitachrome Inc.,cory.gibes@gmail.com,NA
93,Tekni Collectables Inc.,lnestle@hotmail.com,NA
94,Gift Depot Inc.,sabra@uyetake.org,NA
95,La Rochelle Gifts,mmastella@mastella.com,EMEA
96,Marta's Replicas Co.,lnestle@hotmail.com,NA
97,Toys of Finland Co.,sabra@uyetake.org,EMEA
98,Mini Classics,mmastella@mastella.com,NA
99,Diecast Classics Inc.,lisha@centini.org,NA
100,Land of Toys Inc.,arlene_klusman@gmail.com,NA
